Inflatable Jungle Water Play Pool	http://www.soldsmart.com.au/Inflatable-Jungle-Water-Play-Pool-365	http://www.soldsmart.com.au/files/BB3030/BB3030_gshop_img.jpg	61.70
Multi Shape Sand Pit Interlocking Play Set &amp; Toys	http://www.soldsmart.com.au/Multi-Shape-Sand-Pit-Interlocking-Play-Set-Toys	http://www.soldsmart.com.au/files/BG1196/BG1196_gshop_img.jpg	41.75
50cm Hamster Gerbil Mouse Pet Cage & Toys	http://www.soldsmart.com.au/50cm-Hamster-Gerbil-Mouse-Pet-Cage--Toys764	http://www.soldsmart.com.au/files/BZ7791/BZ7791_gshop_img.jpg	34.15
50cm Hamster Gerbil Mouse Pet Cage & Toys	http://www.soldsmart.com.au/50cm-Hamster-Gerbil-Mouse-Pet-Cage--Toys978	http://www.soldsmart.com.au/files/BZ7791YL/BZ7791YL_gshop_img.jpg	34.15
100cm Blue Sturdy Pet Dog Stroller Trolley & Canopy	http://www.soldsmart.com.au/100cm-Blue-Sturdy-Pet-Dog-Stroller-Trolley-Canopy	http://www.soldsmart.com.au/files/CW2142BL/CW2142BL_gshop_img.jpg	78.80
Classic Blue 4 String Electric Rock Bass Guitar	http://www.soldsmart.com.au/Blue-4-String-Electric-Rock-Bass-Guitar953	http://www.soldsmart.com.au/files/EB0370DB/EB0370DB_gshop_img.jpg	84.79
4 String Electric Bass Guitar	http://www.soldsmart.com.au/4-String-Electric-Bass-Guitar	http://www.soldsmart.com.au/files/EB0370NK/EB0370NK_gshop_img.jpg	89.25
Professional Air Brush Kit	http://www.soldsmart.com.au/Professional-Air-Brush-Kit-250	http://www.soldsmart.com.au/files/GT2550/GT2550_gshop_img.jpg	14.20
XL Remote Control Gyroscope Night Helicopter	http://www.soldsmart.com.au/Remote-Control-RC-Gyroscope-Helicopter-383	http://www.soldsmart.com.au/files/HL1133/HL1133_gshop_img.jpg	36.05
Lightning Blood Red Electric Guitar	http://www.soldsmart.com.au/Futuristic-Lightning-Blood-Red-Electric-Guitar	http://www.soldsmart.com.au/files/HM0020RD/HM0020RD_gshop_img.jpg	106.45
Pop Up EZ Twist Play Tent House for Kids	http://www.soldsmart.com.au/Pop-Up-EZ-Twist-Play-Tent-House-for-Kids629	http://www.soldsmart.com.au/files/LI0632/LI0632_gshop_img.jpg	30.35
Umbrella Sand and Water Play Table for Kids	http://www.soldsmart.com.au/Umbrella-Sand-and-Water-Play-Table-for-Kids880	http://www.soldsmart.com.au/files/PB8804/PB8804_gshop_img.jpg	41.75
6 Compartment Auto Pet Feeder	http://www.soldsmart.com.au/6-Compartment-Auto-Pet-Feeder	http://www.soldsmart.com.au/files/PF0016/PF0016_gshop_img.jpg	37.86
Orange Electric Ride On Quad Bike Buggy	http://www.soldsmart.com.au/Ride-On-Quad-Buggy	http://www.soldsmart.com.au/files/RC0022BK/RC0022BK_gshop_img.jpg	111.10
Red & Black Electric Ride On Quad Bike Buggy	http://www.soldsmart.com.au/Electric-Ride-on-Buggy-for-Kids-694	http://www.soldsmart.com.au/files/RC0022RD/RC0022RD_gshop_img.jpg	111.10
RC USB Charging Hover 4 Channel Helicopter	http://www.soldsmart.com.au/Red-RC-USB-Charging-Hover-Helicopter-972	http://www.soldsmart.com.au/files/RC0060RD/RC0060RD_gshop_img.jpg	34.15
RC Helicopter & Built In Camera & 1GB Card	http://www.soldsmart.com.au/RC-Helicopter-Built-In-Camera-1GB-Card886	http://www.soldsmart.com.au/files/RP0913/RP0913_gshop_img.jpg	68.35
Night Light Colour Camera RC Helicopter	http://www.soldsmart.com.au/Night-Light-Colour-Camera-RC-Helicopter265	http://www.soldsmart.com.au/files/RP1914/RP1914_gshop_img.jpg	76.90
Black Replica Eames DSW Cafe Dining Table & Maple Legs	http://www.soldsmart.com.au/Black-Replica-Eames-DSW-Cafe-Dining-Table-Maple-Le	http://www.soldsmart.com.au/files/TB3333BK/TB3333BK_gshop_img.jpg	96.85
Yellow Vigorboard Skate Stunt Training Set	http://www.soldsmart.com.au/Yellow-Vigorboard-Skate-Stunt-Training-Set193	http://www.soldsmart.com.au/files/VB0068YL/VB0068YL_gshop_img.jpg	25.60